query_id,n_candidates,n_exact_relevant,ndcg_at_10,reciprocal_rank,average_precision,recall_at_1,recall_at_5,recall_at_10,median_query_label_frequency,median_query_hierarchy_depth
rijksmuseum:Q105528206,308,0,0.40105258129409255,,,,,,1.0,4.0
rijksmuseum:Q107064541,308,88,0.1177481768834939,0.1,0.21593836210564768,0.0,0.0,0.011363636363636364,2.0,4.0
rijksmuseum:Q107985078,308,0,0.5288563933669176,,,,,,1.0,4.0
rijksmuseum:Q110115231,308,88,0.3216060687469288,0.25,0.36458393196125505,0.0,0.011363636363636364,0.045454545454545456,46.0,4.5
rijksmuseum:Q111602188,308,87,0.3863474142462608,0.25,0.4740379258239264,0.0,0.022988505747126436,0.05747126436781609,45.0,4.0
rijksmuseum:Q114455915,308,87,0.9434481882675984,1.0,0.6127130955199612,0.011494252873563218,0.05747126436781609,0.10344827586206896,88.0,4.0
rijksmuseum:Q114455916,308,90,0.1570046878360951,0.1111111111111111,0.407036725229287,0.0,0.0,0.011111111111111112,8.0,4.0
rijksmuseum:Q127692611,308,1,0.6971150101245596,0.05555555555555555,0.05555555555555555,0.0,0.0,0.0,2.0,3.0
rijksmuseum:Q12899705,308,91,0.5837986452997667,1.0,0.46800979566022427,0.01098901098901099,0.02197802197802198,0.054945054945054944,4.0,5.0
rijksmuseum:Q13099109,308,89,0.21371497714367585,0.125,0.25719014895214976,0.0,0.0,0.011235955056179775,1.5,5.5
rijksmuseum:Q13418238,308,7,0.19647234551672668,0.1111111111111111,0.09207702315899038,0.0,0.0,0.14285714285714285,8.0,7.0
rijksmuseum:Q13571245,308,5,0.9196446214801793,1.0,0.9028571428571428,0.2,0.8,1.0,6.0,2.0
rijksmuseum:Q139393642,308,1,0.7691888388156408,1.0,1.0,1.0,1.0,1.0,2.0,6.0
rijksmuseum:Q139795779,308,0,0.19255834128402305,,,,,,1.0,6.0
rijksmuseum:Q140078168,308,3,0.013480600900797706,0.0040650406504065045,0.006955387159457656,0.0,0.0,0.0,4.0,3.0
rijksmuseum:Q140078283,308,3,0.6670394075028414,1.0,0.678714859437751,0.3333333333333333,0.6666666666666666,0.6666666666666666,4.0,3.0
rijksmuseum:Q140078833,308,3,0.6686875036932843,1.0,0.6788617886178862,0.3333333333333333,0.6666666666666666,0.6666666666666666,4.0,3.0
rijksmuseum:Q140084472,308,0,0.0,,,,,,1.0,5.0
rijksmuseum:Q140084892,308,3,0.6700395638228787,1.0,0.688888888888889,0.3333333333333333,0.6666666666666666,0.6666666666666666,4.0,3.0
rijksmuseum:Q140085794,308,0,0.0,,,,,,1.0,6.5
rijksmuseum:Q16933788,308,0,0.28268855149804994,,,,,,1.0,3.0
rijksmuseum:Q17276171,308,1,0.4295741659757697,0.007575757575757576,0.007575757575757576,0.0,0.0,0.0,2.0,6.0
rijksmuseum:Q17319665,308,0,0.5178048545880951,,,,,,1.0,5.0
rijksmuseum:Q17319725,308,7,0.21889127327768715,0.034482758620689655,0.04294542968565226,0.0,0.0,0.0,8.0,7.0
rijksmuseum:Q17319731,308,95,0.6940187449157794,1.0,0.636535724943821,0.010526315789473684,0.042105263157894736,0.06315789473684211,96.0,3.0
rijksmuseum:Q17319732,308,95,1.0,1.0,0.7592755522702387,0.010526315789473684,0.05263157894736842,0.10526315789473684,96.0,3.0
rijksmuseum:Q17319733,308,96,0.7093753650484099,1.0,0.6321244100928859,0.010416666666666666,0.041666666666666664,0.07291666666666667,50.0,4.0
rijksmuseum:Q17319734,308,95,0.9216017310213246,1.0,0.6896427143759569,0.010526315789473684,0.05263157894736842,0.09473684210526316,96.0,3.0
rijksmuseum:Q17319735,308,87,0.06625422345438903,0.1111111111111111,0.23024274543048007,0.0,0.0,0.011494252873563218,88.0,4.0
rijksmuseum:Q17319820,308,18,0.49603352894056996,1.0,0.3034362772598324,0.05555555555555555,0.16666666666666666,0.16666666666666666,14.0,3.0
rijksmuseum:Q17319828,308,88,0.563272616048201,1.0,0.3949562163968695,0.011363636363636364,0.022727272727272728,0.056818181818181816,1.5,5.5
rijksmuseum:Q17319829,308,177,0.7399339948965877,1.0,0.7122431252687108,0.005649717514124294,0.011299435028248588,0.03954802259887006,92.0,3.5
rijksmuseum:Q17319832,308,95,0.8263333286520081,1.0,0.7049331786716642,0.010526315789473684,0.042105263157894736,0.08421052631578947,96.0,3.0
rijksmuseum:Q17319868,308,87,0.1736211358417956,0.14285714285714285,0.3481811098612504,0.0,0.0,0.022988505747126436,2.0,4.0
rijksmuseum:Q17319869,308,87,0.19010999843863674,0.5,0.3250666176233303,0.0,0.011494252873563218,0.011494252873563218,45.0,4.0
rijksmuseum:Q17319925,308,95,0.6537437827885781,0.5,0.6343534647000161,0.0,0.031578947368421054,0.07368421052631578,96.0,3.0
rijksmuseum:Q17319926,308,0,0.014254230723395515,,,,,,1.0,4.5
rijksmuseum:Q17319951,308,89,1.0,1.0,0.670789306382184,0.011235955056179775,0.056179775280898875,0.11235955056179775,5.0,4.0
rijksmuseum:Q17319955,308,23,0.07836037448537139,0.03125,0.052007745425438574,0.0,0.0,0.0,3.0,6.0
rijksmuseum:Q17319957,308,101,0.873070983078989,1.0,0.639054318475909,0.009900990099009901,0.04950495049504951,0.07920792079207921,53.0,4.0
rijksmuseum:Q17319959,308,87,0.8095832635422973,1.0,0.6296497169795647,0.011494252873563218,0.04597701149425287,0.08045977011494253,44.5,5.0
rijksmuseum:Q17319960,308,2,0.6475863155058887,1.0,0.5138888888888888,0.5,0.5,0.5,3.0,6.0
rijksmuseum:Q17319963,308,89,0.8866588538781222,1.0,0.6741126803501705,0.011235955056179775,0.056179775280898875,0.0898876404494382,7.0,5.0
rijksmuseum:Q17319964,308,2,0.449825404125116,0.3333333333333333,0.18205128205128204,0.0,0.5,0.5,3.0,6.0
rijksmuseum:Q17319967,308,89,0.8814940238889438,1.0,0.6710628951530141,0.011235955056179775,0.056179775280898875,0.0898876404494382,7.0,5.0
rijksmuseum:Q17319982,308,87,0.6327975530369108,0.5,0.5521947533934437,0.0,0.034482758620689655,0.06896551724137931,2.0,6.0
rijksmuseum:Q17319984,308,116,0.7893955421991665,1.0,0.4901618525087964,0.008620689655172414,0.034482758620689655,0.0603448275862069,12.0,4.0
rijksmuseum:Q17319985,308,7,0.16047804580108435,0.03333333333333333,0.03965468711846308,0.0,0.0,0.0,8.0,7.0
rijksmuseum:Q17320008,308,0,0.22103246518241854,,,,,,1.0,4.0
rijksmuseum:Q17320028,308,0,0.10466789189930506,,,,,,1.0,5.0
rijksmuseum:Q17320034,308,1,0.12064880831912432,0.0625,0.0625,0.0,0.0,0.0,2.0,4.5
rijksmuseum:Q17320051,308,0,0.15481339154175447,,,,,,1.0,6.0
rijksmuseum:Q17320091,308,1,0.1285073045583832,0.004739336492890996,0.004739336492890996,0.0,0.0,0.0,2.0,4.0
rijksmuseum:Q17320389,308,87,0.6785944354361966,1.0,0.47942471549937254,0.011494252873563218,0.034482758620689655,0.06896551724137931,88.0,4.0
rijksmuseum:Q17320877,308,17,0.933745776545611,1.0,0.6200588593367685,0.058823529411764705,0.29411764705882354,0.5294117647058824,18.0,4.0
rijksmuseum:Q17320952,308,90,0.5020879431558884,0.3333333333333333,0.49677717807497335,0.0,0.022222222222222223,0.06666666666666667,48.0,4.5
rijksmuseum:Q17320953,308,91,0.4673791184803734,0.25,0.5138579475820592,0.0,0.02197802197802198,0.06593406593406594,2.0,5.0
rijksmuseum:Q17320954,308,103,0.7909506325094736,1.0,0.46493733869008885,0.009708737864077669,0.04854368932038835,0.06796116504854369,13.0,4.5
rijksmuseum:Q17320956,308,1,0.032908432232480696,0.030303030303030304,0.030303030303030304,0.0,0.0,0.0,1.0,4.0
rijksmuseum:Q17320957,308,7,0.26584254203826846,0.038461538461538464,0.04104980989303452,0.0,0.0,0.0,4.5,3.0
rijksmuseum:Q17320981,308,0,0.4086835418890198,,,,,,1.0,4.5
rijksmuseum:Q17321007,308,95,0.8512360941594272,1.0,0.5741477897981543,0.010526315789473684,0.042105263157894736,0.08421052631578947,96.0,3.0
rijksmuseum:Q17321165,308,87,0.905211635630449,1.0,0.61876750233365,0.011494252873563218,0.04597701149425287,0.10344827586206896,88.0,4.0
rijksmuseum:Q17321363,308,18,0.11984854621661357,0.1,0.14503252161586289,0.0,0.0,0.05555555555555555,16.5,2.5
rijksmuseum:Q17321579,308,96,0.1116684513595766,0.06666666666666667,0.23560604133884322,0.0,0.0,0.0,2.0,3.0
rijksmuseum:Q17321733,308,95,0.9388633982505333,1.0,0.6832815418324577,0.010526315789473684,0.05263157894736842,0.09473684210526316,96.0,3.0
rijksmuseum:Q17322038,308,87,0.644555254689974,1.0,0.49344594927085744,0.011494252873563218,0.04597701149425287,0.05747126436781609,45.5,4.0
rijksmuseum:Q17322172,308,95,0.8643145546088337,1.0,0.7724111205678983,0.010526315789473684,0.05263157894736842,0.08421052631578947,96.0,3.0
rijksmuseum:Q17322181,308,98,0.8236998933965708,1.0,0.7471229704732678,0.01020408163265306,0.04081632653061224,0.08163265306122448,51.0,3.5
rijksmuseum:Q17322519,308,17,0.8701249883466592,1.0,0.6170494767214879,0.058823529411764705,0.29411764705882354,0.47058823529411764,18.0,4.0
rijksmuseum:Q17322762,308,95,0.9363792118010481,1.0,0.6741046797097752,0.010526315789473684,0.05263157894736842,0.09473684210526316,96.0,3.0
rijksmuseum:Q17322972,308,18,0.4535989005472542,1.0,0.2757919801562242,0.05555555555555555,0.1111111111111111,0.16666666666666666,19.0,3.0
rijksmuseum:Q17323007,308,0,0.6227480777658484,,,,,,1.0,5.0
rijksmuseum:Q17323571,308,0,0.15277918712854383,,,,,,1.0,5.0
rijksmuseum:Q17323702,308,17,0.7967610662472991,1.0,0.5350659259493769,0.058823529411764705,0.29411764705882354,0.4117647058823529,18.0,4.0
rijksmuseum:Q17323763,308,1,0.13288469879765205,0.05,0.05,0.0,0.0,0.0,2.0,4.0
rijksmuseum:Q17323769,308,95,0.6410457898283652,0.3333333333333333,0.555713016928484,0.0,0.031578947368421054,0.08421052631578947,96.0,3.0
rijksmuseum:Q17323804,308,95,0.932801483732564,1.0,0.7644659304256068,0.010526315789473684,0.05263157894736842,0.09473684210526316,96.0,3.0
rijksmuseum:Q17323863,308,103,0.6487109052632798,1.0,0.4355814690615898,0.009708737864077669,0.02912621359223301,0.05825242718446602,22.0,3.0
rijksmuseum:Q17323864,308,107,0.5236993549052028,0.5,0.35668940052163994,0.0,0.018691588785046728,0.037383177570093455,8.0,5.0
rijksmuseum:Q17323875,308,17,0.8120490419563834,1.0,0.5293470399008665,0.058823529411764705,0.29411764705882354,0.4117647058823529,18.0,4.0
rijksmuseum:Q17323876,308,17,1.0,1.0,0.7512342791421671,0.058823529411764705,0.29411764705882354,0.5882352941176471,18.0,4.0
rijksmuseum:Q17323880,308,7,0.1345308123207909,0.14285714285714285,0.053018086488417535,0.0,0.0,0.14285714285714285,8.0,5.0
rijksmuseum:Q17323929,308,6,0.0266403183893848,0.03571428571428571,0.041674787201102986,0.0,0.0,0.0,7.0,7.0
rijksmuseum:Q17323952,308,87,0.5529467272471682,0.5,0.47762396740837665,0.0,0.034482758620689655,0.05747126436781609,88.0,4.0
rijksmuseum:Q17324030,308,5,0.6535555030737477,1.0,0.41412980290593654,0.2,0.4,0.4,6.0,3.0
rijksmuseum:Q17324033,308,87,0.8569487276973728,1.0,0.6304185569068486,0.011494252873563218,0.05747126436781609,0.09195402298850575,88.0,4.0
rijksmuseum:Q17324168,308,87,0.1584091525685025,0.25,0.3961557257290486,0.0,0.011494252873563218,0.022988505747126436,44.5,5.0
rijksmuseum:Q17324208,308,18,0.34412159918836355,0.5,0.2069244100840345,0.0,0.1111111111111111,0.16666666666666666,14.0,3.0
rijksmuseum:Q17324226,308,95,0.8506795314599191,1.0,0.7597745459514831,0.010526315789473684,0.042105263157894736,0.08421052631578947,96.0,3.0
rijksmuseum:Q17324285,308,95,0.7412735611403526,1.0,0.7409673463767916,0.010526315789473684,0.042105263157894736,0.07368421052631578,96.0,3.0
rijksmuseum:Q17324308,308,1,0.5022658166163,0.5,0.5,0.0,1.0,1.0,2.0,4.0
rijksmuseum:Q17324585,308,87,1.0,1.0,0.6432888030608461,0.011494252873563218,0.05747126436781609,0.11494252873563218,47.0,4.0
rijksmuseum:Q17324591,308,5,0.3935430500274475,0.2,0.20083333333333334,0.0,0.2,0.4,6.0,4.0
rijksmuseum:Q17324593,308,5,0.7144818918750953,1.0,0.6091458805744521,0.2,0.6,0.6,6.0,3.0
rijksmuseum:Q17324854,308,95,0.8115438261716045,1.0,0.6594645096608338,0.010526315789473684,0.042105263157894736,0.08421052631578947,96.0,3.0
rijksmuseum:Q17324872,308,87,0.93828335827842,1.0,0.612417353101489,0.011494252873563218,0.05747126436781609,0.10344827586206896,88.0,4.0
rijksmuseum:Q17324881,308,0,0.12432279873978667,,,,,,1.0,4.0
rijksmuseum:Q17324904,308,95,0.8048109992093389,1.0,0.7434712480371721,0.010526315789473684,0.031578947368421054,0.08421052631578947,96.0,3.0
rijksmuseum:Q17324911,308,105,0.6861105671739604,1.0,0.6091172945835783,0.009523809523809525,0.0380952380952381,0.05714285714285714,22.0,3.0
rijksmuseum:Q17324952,308,7,0.06588907806846911,0.047619047619047616,0.029579020189181657,0.0,0.0,0.0,4.5,3.5
rijksmuseum:Q17324981,308,89,0.5702195833166284,1.0,0.4405797400786215,0.011235955056179775,0.02247191011235955,0.0449438202247191,1.0,5.0
rijksmuseum:Q17327292,308,87,0.9021814372008532,1.0,0.6180506070927119,0.011494252873563218,0.04597701149425287,0.10344827586206896,88.0,4.0
rijksmuseum:Q17327359,308,17,0.9216017310213246,1.0,0.6301892239054174,0.058823529411764705,0.29411764705882354,0.5294117647058824,18.0,4.0
rijksmuseum:Q17327831,308,7,0.024145456196509898,0.047619047619047616,0.04543791020214284,0.0,0.0,0.0,2.5,4.5
rijksmuseum:Q17327837,308,5,0.18189021606846076,0.07142857142857142,0.04070372401746954,0.0,0.0,0.0,6.0,4.0
rijksmuseum:Q17327954,308,95,0.48663322210035453,1.0,0.5806506214028607,0.010526315789473684,0.021052631578947368,0.031578947368421054,96.0,3.0
rijksmuseum:Q17328064,308,105,0.7346755241984395,0.5,0.7175708069592757,0.0,0.0380952380952381,0.0761904761904762,22.0,3.0
rijksmuseum:Q17328085,308,95,0.28952298823485745,1.0,0.273731521455185,0.010526315789473684,0.010526315789473684,0.021052631578947368,96.0,3.0
rijksmuseum:Q17328136,308,95,0.9363792118010481,1.0,0.6436560784435755,0.010526315789473684,0.05263157894736842,0.09473684210526316,96.0,3.0
rijksmuseum:Q17328456,308,7,0.18784971234153833,0.045454545454545456,0.06313786641432213,0.0,0.0,0.0,4.5,5.0
rijksmuseum:Q17328599,308,95,0.8572048559638626,1.0,0.7636466227934686,0.010526315789473684,0.05263157894736842,0.08421052631578947,96.0,3.0
rijksmuseum:Q17328612,308,95,0.8454256604216017,1.0,0.7371701881944404,0.010526315789473684,0.042105263157894736,0.08421052631578947,96.0,3.0
rijksmuseum:Q17328692,308,105,0.8336097128987641,1.0,0.6981902313487517,0.009523809523809525,0.02857142857142857,0.0761904761904762,59.0,2.5
rijksmuseum:Q17328742,308,2,0.25172921699812245,0.16666666666666666,0.17424242424242425,0.0,0.0,0.5,3.0,3.0
rijksmuseum:Q17329495,308,7,0.1569843403321757,0.125,0.07806269127999006,0.0,0.0,0.14285714285714285,8.0,5.0
rijksmuseum:Q17329570,308,108,0.968189605900524,1.0,0.7878374180927596,0.009259259259259259,0.046296296296296294,0.08333333333333333,15.0,4.0
rijksmuseum:Q17329573,308,105,0.9427412906209434,1.0,0.7262199173777222,0.009523809523809525,0.047619047619047616,0.08571428571428572,22.0,3.0
rijksmuseum:Q17329576,308,105,1.0,1.0,0.7599194185688287,0.009523809523809525,0.047619047619047616,0.09523809523809523,22.0,3.0
rijksmuseum:Q17329580,308,106,0.9305687780632227,1.0,0.727304949715043,0.009433962264150943,0.04716981132075472,0.08490566037735849,22.0,3.0
rijksmuseum:Q17329592,308,105,0.41124129050828995,0.5,0.5640383715514321,0.0,0.009523809523809525,0.0380952380952381,22.0,3.0
rijksmuseum:Q17329612,308,5,0.3113517743216848,0.5,0.1762522501652936,0.0,0.2,0.4,2.5,5.0
rijksmuseum:Q17329638,308,14,0.5260742815155456,1.0,0.39188833419925867,0.07142857142857142,0.21428571428571427,0.2857142857142857,6.0,5.0
rijksmuseum:Q17329643,308,95,0.3348637960663362,0.3333333333333333,0.565020922983357,0.0,0.021052631578947368,0.042105263157894736,96.0,3.0
rijksmuseum:Q17329650,308,100,1.0,1.0,0.8005259490311704,0.01,0.05,0.1,8.0,5.0
rijksmuseum:Q17329657,308,96,0.25263509391453837,0.16666666666666666,0.5144341539644443,0.0,0.0,0.03125,49.5,3.5
rijksmuseum:Q17329662,308,97,0.5478761409366232,0.5,0.3289262735664157,0.0,0.041237113402061855,0.05154639175257732,5.0,4.0
rijksmuseum:Q17329671,308,14,0.2803968007707672,0.14285714285714285,0.1615252694792173,0.0,0.0,0.14285714285714285,7.0,7.0
rijksmuseum:Q17329677,308,87,0.5249534859366958,1.0,0.31522559229080105,0.011494252873563218,0.022988505747126436,0.04597701149425287,44.5,4.0
rijksmuseum:Q17329682,308,87,0.79243392138069,1.0,0.4031504439701552,0.011494252873563218,0.04597701149425287,0.08045977011494253,88.0,4.0
rijksmuseum:Q17329685,308,92,0.5860279457353748,1.0,0.32273261191758346,0.010869565217391304,0.021739130434782608,0.043478260869565216,6.0,4.0
rijksmuseum:Q17329699,308,6,0.12493815834622056,0.1111111111111111,0.06335909675182662,0.0,0.0,0.16666666666666666,7.0,4.0
rijksmuseum:Q17329706,308,6,0.05343142801195871,0.05555555555555555,0.04373021082983472,0.0,0.0,0.0,4.0,4.5
rijksmuseum:Q17329713,308,92,0.1655374363992232,0.14285714285714285,0.24964806961838584,0.0,0.0,0.010869565217391304,7.0,4.0
rijksmuseum:Q17329854,308,21,0.31138889278999315,0.3333333333333333,0.1497256786161289,0.0,0.047619047619047616,0.09523809523809523,22.0,2.0
rijksmuseum:Q17329857,308,21,0.208854816836637,0.16666666666666666,0.1427819671536415,0.0,0.0,0.047619047619047616,22.0,2.0
rijksmuseum:Q17329860,308,1,0.6299864979054556,0.5,0.5,0.0,1.0,1.0,2.0,6.0
rijksmuseum:Q17329865,308,100,0.8842812967720378,1.0,0.8244245415016589,0.01,0.04,0.09,51.5,4.5
rijksmuseum:Q17329868,308,95,0.697892608717029,1.0,0.7729205478043921,0.010526315789473684,0.031578947368421054,0.06315789473684211,96.0,3.0
rijksmuseum:Q17329871,308,6,0.09942831465690481,0.14285714285714285,0.09278897793935387,0.0,0.0,0.16666666666666666,7.0,6.0
rijksmuseum:Q17329873,308,109,0.9503093324092082,1.0,0.776149317720361,0.009174311926605505,0.045871559633027525,0.08256880733944955,15.0,4.5
rijksmuseum:Q17329881,308,1,0.2036676609357765,0.047619047619047616,0.047619047619047616,0.0,0.0,0.0,2.0,6.0
rijksmuseum:Q17329924,308,5,0.25469112959406626,0.024390243902439025,0.018299786162334762,0.0,0.0,0.0,6.0,3.0
rijksmuseum:Q17329926,308,95,1.0,1.0,0.7704945270005725,0.010526315789473684,0.05263157894736842,0.10526315789473684,96.0,3.0
rijksmuseum:Q17329946,308,17,0.8326185789674267,1.0,0.47731380427359343,0.058823529411764705,0.17647058823529413,0.47058823529411764,18.0,4.0
rijksmuseum:Q17330066,308,95,0.06625422345438903,0.1111111111111111,0.28449532072999273,0.0,0.0,0.010526315789473684,96.0,3.0
rijksmuseum:Q17330269,308,87,0.9290474019653158,1.0,0.6097131968776883,0.011494252873563218,0.04597701149425287,0.10344827586206896,88.0,4.0
rijksmuseum:Q17330272,308,7,0.2852276282500405,0.3333333333333333,0.09895183222316446,0.0,0.14285714285714285,0.14285714285714285,8.0,7.0
rijksmuseum:Q17330296,308,87,0.9388633982505333,1.0,0.6278217716972805,0.011494252873563218,0.05747126436781609,0.10344827586206896,88.0,4.0
rijksmuseum:Q17330314,308,1,0.18404238679996907,0.07692307692307693,0.07692307692307693,0.0,0.0,0.0,2.0,4.5
rijksmuseum:Q17330524,308,95,0.6128010603774798,0.5,0.6937805907954042,0.0,0.031578947368421054,0.06315789473684211,96.0,3.0
rijksmuseum:Q17330551,308,87,0.07839826897867533,0.16666666666666666,0.3468418633184087,0.0,0.0,0.011494252873563218,88.0,4.0
rijksmuseum:Q17330906,308,5,0.9074173706621015,1.0,0.8583333333333332,0.2,0.6,1.0,6.0,2.0
rijksmuseum:Q17331034,308,7,0.24444169012049585,0.14285714285714285,0.05197812998052402,0.0,0.0,0.14285714285714285,8.0,2.0
rijksmuseum:Q17331095,308,95,1.0,1.0,0.7054447853039143,0.010526315789473684,0.05263157894736842,0.10526315789473684,96.0,3.0
rijksmuseum:Q17331167,308,17,0.8972614672762662,1.0,0.597027278075301,0.058823529411764705,0.29411764705882354,0.47058823529411764,18.0,4.0
rijksmuseum:Q17331291,308,5,0.9175875660731176,1.0,0.885,0.2,0.8,1.0,6.0,2.0
rijksmuseum:Q17331293,308,95,0.8603818544462508,1.0,0.7036824419084227,0.010526315789473684,0.05263157894736842,0.08421052631578947,96.0,3.0
rijksmuseum:Q17331339,308,109,1.0,1.0,0.7597502802283042,0.009174311926605505,0.045871559633027525,0.09174311926605505,22.0,3.0
rijksmuseum:Q17331353,308,95,0.8058830277933625,1.0,0.7114082793007818,0.010526315789473684,0.042105263157894736,0.08421052631578947,96.0,3.0
rijksmuseum:Q17331355,308,112,0.9082950973757998,1.0,0.6851513974781389,0.008928571428571428,0.03571428571428571,0.08035714285714286,18.0,4.0
rijksmuseum:Q17331356,308,0,0.5512324392918216,,,,,,1.0,6.0
rijksmuseum:Q17331357,308,24,0.6314469950005611,1.0,0.3711736049796189,0.041666666666666664,0.08333333333333333,0.20833333333333334,14.5,4.0
rijksmuseum:Q17331368,308,87,1.0,1.0,0.6234363880891138,0.011494252873563218,0.05747126436781609,0.11494252873563218,88.0,4.0
rijksmuseum:Q17331379,308,18,0.6362985905388634,1.0,0.44870660476813584,0.05555555555555555,0.2222222222222222,0.2777777777777778,14.0,3.0
rijksmuseum:Q17331535,308,95,0.9216017310213246,1.0,0.8079155863814648,0.010526315789473684,0.05263157894736842,0.09473684210526316,96.0,3.0
rijksmuseum:Q17331544,308,95,0.914856882358379,1.0,0.6591700162704079,0.010526315789473684,0.042105263157894736,0.09473684210526316,96.0,3.0
rijksmuseum:Q17331717,308,8,0.3753454781081713,1.0,0.2821606908783438,0.125,0.125,0.125,5.0,4.5
rijksmuseum:Q17331741,308,105,0.8311491657230994,1.0,0.5838728978457228,0.009523809523809525,0.02857142857142857,0.05714285714285714,16.5,3.5
rijksmuseum:Q17331783,308,25,0.3251345525822657,0.3333333333333333,0.14544951312860818,0.0,0.08,0.08,14.5,3.0
rijksmuseum:Q17331824,308,95,0.5291969077010891,1.0,0.29182466661284384,0.010526315789473684,0.031578947368421054,0.042105263157894736,4.0,5.0
rijksmuseum:Q17331927,308,87,0.8400890640456382,1.0,0.5605677355034074,0.011494252873563218,0.04597701149425287,0.09195402298850575,2.0,6.0
rijksmuseum:Q17334098,308,0,0.10241096812941687,,,,,,1.0,3.5
rijksmuseum:Q17334119,308,89,0.34830992737050015,0.25,0.48537133238918695,0.0,0.011235955056179775,0.0449438202247191,2.0,5.0
rijksmuseum:Q17334140,308,17,1.0,1.0,0.7277599021118464,0.058823529411764705,0.29411764705882354,0.5882352941176471,18.0,4.0
rijksmuseum:Q17334200,308,7,0.3260420859281444,0.16666666666666666,0.10191084055602433,0.0,0.0,0.2857142857142857,8.0,7.0
rijksmuseum:Q17334202,308,96,0.9082950973757998,1.0,0.7026762702813824,0.010416666666666666,0.041666666666666664,0.09375,49.0,3.5
rijksmuseum:Q17334269,308,18,0.49525682261302834,0.5,0.3675054520642756,0.0,0.1111111111111111,0.2777777777777778,16.5,2.5
rijksmuseum:Q17334272,308,1,0.020500871281193527,0.037037037037037035,0.037037037037037035,0.0,0.0,0.0,2.0,8.0
rijksmuseum:Q17334274,308,18,0.4770621183754929,1.0,0.33475855302671415,0.05555555555555555,0.16666666666666666,0.16666666666666666,19.0,3.0
rijksmuseum:Q17334298,308,7,0.6645285165985136,1.0,0.4164405188598736,0.14285714285714285,0.2857142857142857,0.42857142857142855,8.0,2.0
rijksmuseum:Q17334303,308,87,0.93828335827842,1.0,0.6598821794402902,0.011494252873563218,0.05747126436781609,0.10344827586206896,88.0,4.0
rijksmuseum:Q17334322,308,101,0.9363792118010481,1.0,0.5924124452118487,0.009900990099009901,0.04950495049504951,0.0891089108910891,53.0,4.0
rijksmuseum:Q17334323,308,87,0.7205377079175662,1.0,0.5727764453839959,0.011494252873563218,0.034482758620689655,0.06896551724137931,2.5,5.0
rijksmuseum:Q17334334,308,105,0.7005413670489468,0.5,0.5242223296928574,0.0,0.01904761904761905,0.047619047619047616,2.0,6.0
rijksmuseum:Q17334345,308,0,0.2503141760326256,,,,,,1.0,4.0
rijksmuseum:Q17334409,308,177,1.0,1.0,0.7525634414976179,0.005649717514124294,0.02824858757062147,0.05649717514124294,92.0,3.5
rijksmuseum:Q17334411,308,3,0.432279517979476,0.5,0.2148989898989899,0.0,0.3333333333333333,0.3333333333333333,2.5,5.0
rijksmuseum:Q17334428,308,18,0.3895336777569186,0.5,0.2036367300461068,0.0,0.1111111111111111,0.16666666666666666,19.0,3.0
rijksmuseum:Q17334449,308,87,0.6877782451029345,1.0,0.49325589354459165,0.011494252873563218,0.034482758620689655,0.06896551724137931,88.0,4.0
rijksmuseum:Q17334461,308,95,0.8775514545640962,1.0,0.7332042867188009,0.010526315789473684,0.05263157894736842,0.08421052631578947,96.0,3.0
rijksmuseum:Q17334469,308,95,0.9388633982505333,1.0,0.760825316506989,0.010526315789473684,0.05263157894736842,0.09473684210526316,96.0,3.0
rijksmuseum:Q17334471,308,95,1.0,1.0,0.7517702066086001,0.010526315789473684,0.05263157894736842,0.10526315789473684,96.0,3.0
rijksmuseum:Q17334475,308,5,0.8912197042022962,1.0,0.8392857142857142,0.2,0.6,1.0,6.0,2.0
rijksmuseum:Q17334480,308,17,1.0,1.0,0.6782974839516421,0.058823529411764705,0.29411764705882354,0.5882352941176471,18.0,4.0
rijksmuseum:Q17334498,308,95,0.8738355490866583,1.0,0.7247121400038375,0.010526315789473684,0.042105263157894736,0.08421052631578947,96.0,3.0
rijksmuseum:Q17334504,308,10,0.37192970530562397,0.2,0.16989276768938757,0.0,0.1,0.4,7.5,6.0
rijksmuseum:Q17334510,308,17,0.7562350215410849,1.0,0.4902003937514563,0.058823529411764705,0.23529411764705882,0.4117647058823529,18.0,4.0
rijksmuseum:Q17334527,308,5,0.7920214104854597,1.0,0.6311111111111112,0.2,0.6,1.0,6.0,2.0
rijksmuseum:Q17334551,308,95,0.6223137278113131,0.5,0.7045756896441874,0.0,0.021052631578947368,0.07368421052631578,96.0,3.0
rijksmuseum:Q17334582,308,87,0.5893372352394228,1.0,0.48062816270989156,0.011494252873563218,0.022988505747126436,0.05747126436781609,88.0,4.0
rijksmuseum:Q17334748,308,109,0.670029122149851,1.0,0.39893238001347375,0.009174311926605505,0.01834862385321101,0.045871559633027525,7.0,6.0
rijksmuseum:Q17334749,308,92,0.7807119336739875,1.0,0.5065904934489311,0.010869565217391304,0.05434782608695652,0.06521739130434782,4.5,5.0
rijksmuseum:Q17334750,308,0,0.3090460999200151,,,,,,1.0,6.0
rijksmuseum:Q17334751,308,95,0.8073645309471245,1.0,0.7859422360652182,0.010526315789473684,0.05263157894736842,0.07368421052631578,96.0,3.0
rijksmuseum:Q17334752,308,95,0.9266360779006398,1.0,0.8111574837979124,0.010526315789473684,0.05263157894736842,0.09473684210526316,96.0,3.0
rijksmuseum:Q17334753,308,0,0.6291205779565617,,,,,,1.0,6.0
rijksmuseum:Q17334758,308,96,0.9216017310213246,1.0,0.7318416678628603,0.010416666666666666,0.052083333333333336,0.09375,2.0,6.0
rijksmuseum:Q17334813,308,105,0.68490559668941,0.5,0.6194285714339645,0.0,0.02857142857142857,0.06666666666666667,16.5,3.5
rijksmuseum:Q17334975,308,95,0.8736187544015135,1.0,0.7146811016694788,0.010526315789473684,0.05263157894736842,0.08421052631578947,96.0,3.0
rijksmuseum:Q17335090,308,87,0.942140648386019,1.0,0.5639705687670412,0.011494252873563218,0.05747126436781609,0.10344827586206896,88.0,4.0
rijksmuseum:Q17335093,308,87,0.9469826765008734,1.0,0.5927916916486934,0.011494252873563218,0.05747126436781609,0.10344827586206896,88.0,4.0
rijksmuseum:Q17335301,308,177,0.4897430158085947,0.5,0.5423103012454177,0.0,0.011299435028248588,0.02824858757062147,2.0,4.0
rijksmuseum:Q17335654,308,96,0.5074337723908728,1.0,0.5367105729267893,0.010416666666666666,0.020833333333333332,0.041666666666666664,50.0,4.0
rijksmuseum:Q17335680,308,95,0.6397813283111607,0.5,0.6041943388761122,0.0,0.031578947368421054,0.07368421052631578,96.0,3.0
rijksmuseum:Q17335810,308,7,0.7542793561213272,1.0,0.4603586889301175,0.14285714285714285,0.2857142857142857,0.5714285714285714,8.0,2.0
rijksmuseum:Q17335850,308,7,0.7669493947798753,1.0,0.4727776192061906,0.14285714285714285,0.42857142857142855,0.5714285714285714,8.0,2.0
rijksmuseum:Q17335966,308,95,0.13886244387355454,0.5,0.2619543253040842,0.0,0.010526315789473684,0.010526315789473684,96.0,3.0
rijksmuseum:Q17336080,308,87,0.6764371175608109,1.0,0.5187674497417294,0.011494252873563218,0.034482758620689655,0.06896551724137931,6.0,4.0
rijksmuseum:Q17336086,308,87,0.930312649796733,1.0,0.6425238174778886,0.011494252873563218,0.05747126436781609,0.10344827586206896,88.0,4.0
rijksmuseum:Q17337934,308,95,0.9266360779006398,1.0,0.7481695688950144,0.010526315789473684,0.05263157894736842,0.09473684210526316,96.0,3.0
rijksmuseum:Q17337937,308,199,0.8899541168509599,1.0,0.8154206543979455,0.005025125628140704,0.020100502512562814,0.04522613065326633,20.0,4.0
rijksmuseum:Q17338000,308,96,0.9082950973757998,1.0,0.6892184301426353,0.010416666666666666,0.041666666666666664,0.09375,49.5,4.0
rijksmuseum:Q17338163,308,0,0.39478976089762063,,,,,,1.0,8.0
rijksmuseum:Q17338171,308,18,0.7835948791097844,1.0,0.6119175229737112,0.05555555555555555,0.2777777777777778,0.3333333333333333,14.0,3.0
rijksmuseum:Q17338285,308,0,0.48301198461723155,,,,,,1.0,5.0
rijksmuseum:Q17338542,308,18,0.531321616612481,1.0,0.32831898459252645,0.05555555555555555,0.1111111111111111,0.2222222222222222,19.0,3.0
rijksmuseum:Q17338545,308,18,0.4424957667334265,1.0,0.279292781402231,0.05555555555555555,0.1111111111111111,0.16666666666666666,19.0,3.0
rijksmuseum:Q17338582,308,95,1.0,1.0,0.7518781532764499,0.010526315789473684,0.05263157894736842,0.10526315789473684,96.0,3.0
rijksmuseum:Q17339380,308,88,0.40709552798343246,0.5,0.43461755543125485,0.0,0.022727272727272728,0.03409090909090909,1.5,5.5
rijksmuseum:Q17339391,308,180,0.9363792118010481,1.0,0.6966068918897144,0.005555555555555556,0.027777777777777776,0.05,88.0,4.0
rijksmuseum:Q17339438,308,5,0.7574460725574539,1.0,0.5913943355119825,0.2,0.6,0.6,6.0,3.0
rijksmuseum:Q17339466,308,95,0.6716833360968993,1.0,0.5420884105239481,0.010526315789473684,0.031578947368421054,0.06315789473684211,96.0,3.0
rijksmuseum:Q17339741,308,7,0.32565548154434903,0.5,0.1291595469561571,0.0,0.14285714285714285,0.14285714285714285,8.0,7.0
rijksmuseum:Q17339770,308,87,0.8811673589223907,1.0,0.6057145756728923,0.011494252873563218,0.05747126436781609,0.09195402298850575,88.0,4.0
rijksmuseum:Q17339837,308,7,0.8072856612229414,1.0,0.5897017132996425,0.14285714285714285,0.5714285714285714,0.5714285714285714,4.5,2.5
rijksmuseum:Q17340630,308,182,0.9305687780632227,1.0,0.7793221981993411,0.005494505494505495,0.027472527472527472,0.04945054945054945,88.0,3.0
rijksmuseum:Q17340895,308,7,0.20857006192871697,0.047619047619047616,0.052598384778530134,0.0,0.0,0.0,8.0,7.0
rijksmuseum:Q17340900,308,87,0.8373424993411157,1.0,0.5908182361738481,0.011494252873563218,0.034482758620689655,0.09195402298850575,88.0,4.0
rijksmuseum:Q17340903,308,87,0.7656840055355558,1.0,0.5949407888176939,0.011494252873563218,0.034482758620689655,0.08045977011494253,88.0,4.0
rijksmuseum:Q17340911,308,87,0.8679108002158491,1.0,0.5740313233443144,0.011494252873563218,0.04597701149425287,0.09195402298850575,88.0,4.0
rijksmuseum:Q17340938,308,87,0.6299188934889536,0.3333333333333333,0.5284850348540843,0.0,0.022988505747126436,0.08045977011494253,88.0,4.0
rijksmuseum:Q17340948,308,87,0.7416702049317938,1.0,0.5831793345037402,0.011494252873563218,0.034482758620689655,0.08045977011494253,88.0,4.0
rijksmuseum:Q17340951,308,7,0.20800244643805038,0.06666666666666667,0.06154744147240395,0.0,0.0,0.0,8.0,7.0
rijksmuseum:Q17341116,308,95,0.6646200759889181,1.0,0.5470481488499337,0.010526315789473684,0.021052631578947368,0.06315789473684211,96.0,3.0
rijksmuseum:Q17341163,308,87,0.942140648386019,1.0,0.6278565582449943,0.011494252873563218,0.05747126436781609,0.10344827586206896,88.0,4.0
rijksmuseum:Q17341166,308,95,0.9305687780632227,1.0,0.8090470074865158,0.010526315789473684,0.05263157894736842,0.09473684210526316,96.0,3.0
rijksmuseum:Q17341185,308,87,0.9388633982505333,1.0,0.6114578630187846,0.011494252873563218,0.05747126436781609,0.10344827586206896,88.0,4.0
rijksmuseum:Q17341197,308,95,0.9305687780632227,1.0,0.7569640707090267,0.010526315789473684,0.05263157894736842,0.09473684210526316,96.0,3.0
rijksmuseum:Q17341333,308,95,0.914856882358379,1.0,0.8320887758688758,0.010526315789473684,0.042105263157894736,0.09473684210526316,96.0,3.0
rijksmuseum:Q17341374,308,87,0.8081769837802265,1.0,0.4781006377380785,0.011494252873563218,0.05747126436781609,0.08045977011494253,2.0,6.0
rijksmuseum:Q17341409,308,95,0.914856882358379,1.0,0.7787620279544858,0.010526315789473684,0.042105263157894736,0.09473684210526316,96.0,3.0
rijksmuseum:Q17341539,308,95,0.3421013776262553,0.5,0.39705778552791876,0.0,0.010526315789473684,0.042105263157894736,96.0,3.0
rijksmuseum:Q17341544,308,0,0.21326526059239237,,,,,,1.0,4.0
rijksmuseum:Q17341851,308,87,0.6003314658776369,0.5,0.4571156174827632,0.0,0.034482758620689655,0.06896551724137931,44.5,4.0
rijksmuseum:Q17341878,308,87,0.21626745498160158,0.3333333333333333,0.4625680827425935,0.0,0.011494252873563218,0.022988505747126436,88.0,4.0
rijksmuseum:Q17341886,308,90,0.6758673013267525,1.0,0.5417529446551708,0.011111111111111112,0.022222222222222223,0.07777777777777778,7.0,4.5
rijksmuseum:Q17341920,308,95,1.0,1.0,0.7613494861537855,0.010526315789473684,0.05263157894736842,0.10526315789473684,96.0,3.0
rijksmuseum:Q17341964,308,95,0.7495702968794984,1.0,0.6463954043651002,0.010526315789473684,0.031578947368421054,0.07368421052631578,96.0,3.0
rijksmuseum:Q17341997,308,90,0.9510907186004266,1.0,0.49754673863353194,0.011111111111111112,0.05555555555555555,0.1,8.0,4.0
rijksmuseum:Q17342083,308,87,0.44452069441346936,0.5,0.4844110219706194,0.0,0.022988505747126436,0.04597701149425287,88.0,4.0
rijksmuseum:Q17342175,308,95,0.4512643137986363,0.5,0.5952924159693794,0.0,0.021052631578947368,0.042105263157894736,96.0,3.0
rijksmuseum:Q17342224,308,0,0.0,,,,,,1.0,5.0
rijksmuseum:Q17342250,308,7,0.24488902759726694,0.2,0.08171678535890536,0.0,0.14285714285714285,0.14285714285714285,4.5,5.5
rijksmuseum:Q17342259,308,88,0.48123272711918735,1.0,0.4298793864327946,0.011363636363636364,0.011363636363636364,0.045454545454545456,45.0,4.0
rijksmuseum:Q17342280,308,87,0.9434481882675984,1.0,0.6463069094119832,0.011494252873563218,0.05747126436781609,0.10344827586206896,88.0,4.0
rijksmuseum:Q17342584,308,2,0.35926022091705306,0.1,0.07857142857142857,0.0,0.0,0.5,3.0,3.0
rijksmuseum:Q17342793,308,87,0.9266360779006398,1.0,0.586237356585752,0.011494252873563218,0.05747126436781609,0.10344827586206896,88.0,4.0
rijksmuseum:Q17343071,308,18,0.2504011155050269,0.16666666666666666,0.22238681647979341,0.0,0.0,0.16666666666666666,14.0,3.0
rijksmuseum:Q17343107,308,0,0.34228765545548395,,,,,,1.0,4.0
rijksmuseum:Q17343115,308,0,0.4140144711813678,,,,,,1.0,5.0
rijksmuseum:Q17344253,308,95,1.0,1.0,0.6093559786775834,0.010526315789473684,0.05263157894736842,0.10526315789473684,48.5,4.0
rijksmuseum:Q17347287,308,18,0.4796154870184873,0.5,0.28894798175435876,0.0,0.16666666666666666,0.2222222222222222,14.0,3.0
rijksmuseum:Q17347293,308,27,0.883375833037537,1.0,0.6979633363816409,0.037037037037037035,0.18518518518518517,0.2962962962962963,5.0,2.5
rijksmuseum:Q17347304,308,0,0.6325424915161236,,,,,,1.0,6.5
rijksmuseum:Q17347408,308,95,0.7194562577465781,1.0,0.7110755022086062,0.010526315789473684,0.042105263157894736,0.06315789473684211,96.0,3.0
rijksmuseum:Q17347692,308,0,0.17881069110712589,,,,,,1.0,4.0
rijksmuseum:Q17541982,308,17,0.8248807413914185,1.0,0.5729573911145615,0.058823529411764705,0.29411764705882354,0.4117647058823529,18.0,4.0
rijksmuseum:Q18607752,308,95,0.8899541168509599,1.0,0.7167503786504421,0.010526315789473684,0.042105263157894736,0.09473684210526316,96.0,3.0
rijksmuseum:Q18607806,308,95,0.23938949516914138,0.2,0.41586690012754846,0.0,0.010526315789473684,0.031578947368421054,96.0,3.0
rijksmuseum:Q18608251,308,95,0.8580675479689026,1.0,0.7745729524550288,0.010526315789473684,0.042105263157894736,0.08421052631578947,96.0,3.0
rijksmuseum:Q20177276,308,3,0.2099744525477723,0.023255813953488372,0.03156146179401994,0.0,0.0,0.0,2.5,5.5
rijksmuseum:Q20650593,308,0,0.23828586893129639,,,,,,1.0,5.0
rijksmuseum:Q2694148,308,0,0.6499827484059381,,,,,,1.0,4.0
rijksmuseum:Q26996696,308,95,0.9266360779006398,1.0,0.5891378679334395,0.010526315789473684,0.05263157894736842,0.09473684210526316,96.0,3.0
rijksmuseum:Q26997889,308,95,0.7477291264026938,0.5,0.7179463653562753,0.0,0.042105263157894736,0.08421052631578947,96.0,3.0
rijksmuseum:Q26997896,308,95,0.8553475075669356,1.0,0.6951731285100445,0.010526315789473684,0.05263157894736842,0.08421052631578947,96.0,3.0
rijksmuseum:Q26997973,308,95,0.6641895304739577,0.3333333333333333,0.7249414797736142,0.0,0.031578947368421054,0.08421052631578947,96.0,3.0
rijksmuseum:Q26998192,308,95,0.48964844873235525,0.3333333333333333,0.5237652426269721,0.0,0.021052631578947368,0.06315789473684211,96.0,3.0
rijksmuseum:Q26998474,308,18,0.5174612499126158,1.0,0.3514643703430459,0.05555555555555555,0.16666666666666666,0.2222222222222222,16.5,2.5
rijksmuseum:Q26998618,308,17,0.8860301853963971,1.0,0.5513598457751016,0.058823529411764705,0.29411764705882354,0.47058823529411764,18.0,4.0
rijksmuseum:Q26998924,308,96,0.8224892449954739,1.0,0.6880472151642051,0.010416666666666666,0.041666666666666664,0.08333333333333333,50.0,4.0
rijksmuseum:Q26999897,308,95,0.8630152897016882,1.0,0.7324740112642489,0.010526315789473684,0.05263157894736842,0.08421052631578947,96.0,3.0
rijksmuseum:Q26999903,308,95,0.8611375561264454,1.0,0.6676788350632314,0.010526315789473684,0.042105263157894736,0.09473684210526316,96.0,3.0
rijksmuseum:Q27000673,308,95,0.9266360779006398,1.0,0.7363757694479088,0.010526315789473684,0.05263157894736842,0.09473684210526316,96.0,3.0
rijksmuseum:Q27020141,308,5,0.6022824301261304,1.0,0.5417748917748917,0.2,0.4,0.6,6.0,2.0
rijksmuseum:Q27508565,308,87,0.93828335827842,1.0,0.6745160296574937,0.011494252873563218,0.05747126436781609,0.10344827586206896,88.0,4.0
rijksmuseum:Q29512967,308,87,0.17304797048844062,0.16666666666666666,0.3279253976856515,0.0,0.0,0.022988505747126436,88.0,4.0
rijksmuseum:Q29570023,308,7,0.3297780153393564,0.25,0.11006129038294273,0.0,0.14285714285714285,0.2857142857142857,8.0,7.0
rijksmuseum:Q3226876,308,1,0.16709756386478672,0.007462686567164179,0.007462686567164179,0.0,0.0,0.0,2.0,4.0
rijksmuseum:Q33194680,308,87,0.8711668366016171,1.0,0.6416563163231814,0.011494252873563218,0.05747126436781609,0.09195402298850575,88.0,4.0
rijksmuseum:Q3842447,308,105,0.6329086463173084,0.5,0.5823521001204516,0.0,0.02857142857142857,0.05714285714285714,16.5,3.5
rijksmuseum:Q50635321,308,0,0.2806436708482619,,,,,,1.0,5.0
rijksmuseum:Q51162654,308,87,0.2781981696179509,0.3333333333333333,0.42930066528349287,0.0,0.022988505747126436,0.034482758620689655,88.0,4.0
rijksmuseum:Q6057345,308,97,0.8637509869796511,1.0,0.7218397534788141,0.010309278350515464,0.041237113402061855,0.08247422680412371,4.0,5.0
rijksmuseum:Q60725745,308,5,0.5053068037327121,1.0,0.2511497958306469,0.2,0.2,0.2,6.0,3.0
rijksmuseum:Q62019443,308,90,0.22079380360221706,0.2,0.3370152525845938,0.0,0.011111111111111112,0.022222222222222223,8.0,5.0
rijksmuseum:Q764831,308,0,0.0,,,,,,1.0,6.0
rijksmuseum:Q9355519,308,95,0.07839826897867533,0.16666666666666666,0.2646034066449695,0.0,0.0,0.010526315789473684,96.0,3.0
